
{
    "region" : "us-east-1",
    "configuration" : "Debug",
    "framework"     : "netcoreapp3.1",
    "self-contained" : false,
    "application"    : "UILogin",
    "environment"    : "UILogin-dev",
    "enable-xray"    : false,
    "enhanced-health-type" : "basic",
    "additional-options"   : "\"aws:autoscaling:launchconfiguration,SecurityGroups\"=\"sg-097d36f5331667354\";\"aws:ec2:vpc,Subnets\"=\"subnet-083ee9fab624d5db4\"",
    "solution-stack"       : "64bit Amazon Linux 2 v2.2.8 running .NET Core",
    "environment-type"     : "SingleInstance",
    "cname"                : "uilogin-dev",
    "instance-type"        : "t1.micro",
    "key-pair"             : "",
    "instance-profile"     : "aws-elasticbeanstalk-ec2-role",
    "service-role"         : "aws-elasticbeanstalk-service-role",
    "proxy-server"         : "nginx"
}